age,monthly_income,credit_history_years,debt_ratio,job_stability_years,risk_level
17.0,7258.02,9.0,0.4,13.0,1
45.0,5172.81,3.0,0.5,14.0,1
48.0,6271.28,13.0,0.21,13.0,1
37.0,4097.43,9.0,0.56,4.0,2
52.0,5355.01,11.0,0.5,7.0,1
52.0,6785.61,18.0,0.15,4.0,1
55.0,6499.36,13.0,0.18,4.0,2
62.0,12329.31,16.0,0.5,6.0,2
44.0,4648.3,5.0,0.37,1.0,1
64.0,6832.8,5.0,0.5,12.0,1
35.0,3804.85,19.0,0.5,7.0,2
67.0,4570.775,15.0,0.5,4.0,2
38.0,2653.65,2.0,0.5,0.0,2
55.0,3258.84,15.0,0.64,9.0,2
16.0,4570.775,7.0,0.77,11.0,1
60.0,2958.87,12.0,0.63,7.0,1
22.0,3960.18,8.0,0.5,3.0,2
46.0,4637.97,18.0,0.5,2.0,2
74.0,4570.775,11.0,0.57,7.0,1
64.0,6731.69,19.0,0.04,9.0,1
45.0,4711.87,9.0,0.57,1.0,1
63.0,3936.0,3.0,0.9,0.0,0
41.0,5066.08,6.0,0.88,10.0,1
53.0,9615.45,9.0,0.5,2.0,2
31.0,3356.59,14.0,0.01,7.0,2
71.0,4358.59,8.0,0.51,13.0,1
34.0,4570.775,9.0,0.5,14.0,2
73.0,3346.24,9.0,0.5,7.0,2
46.0,4779.72,7.0,0.05,8.0,2
40.0,2624.45,17.0,0.5,14.0,1
64.0,11222.36,2.0,0.98,1.0,0
51.0,4916.37,10.0,0.81,10.0,2
34.0,8400.07,9.0,0.94,1.0,0
37.0,180.49,11.0,0.5,10.0,2
46.0,4625.31,11.0,0.03,4.0,0
16.0,3556.69,6.0,0.03,5.0,1
46.0,4187.04,0.0,0.5,0.0,1
74.0,7836.73,8.0,0.67,13.0,2
48.0,4029.09,9.0,0.5,6.0,1
49.0,4532.62,6.0,0.47,2.0,1
46.0,5294.74,13.0,0.27,2.0,2
40.0,1283.26,16.0,0.26,1.0,0
55.0,7283.38,9.0,0.4,9.0,2
37.0,5833.47,11.0,0.54,7.0,1
41.0,4570.775,6.0,0.07,13.0,1
46.0,4155.03,13.0,0.5,10.0,1
36.0,4570.775,9.0,0.5,10.0,1
58.0,3620.45,9.0,0.5,1.0,2
50.0,5553.71,6.0,0.13,8.0,2
38.0,3732.96,1.0,0.41,8.0,1
64.0,4766.13,11.0,0.03,7.0,1
57.0,4539.41,1.0,0.5,7.0,1
46.0,41.71,14.0,0.1,0.0,1
62.0,4259.27,8.0,0.5,3.0,1
48.0,12514.02,5.0,0.07,14.0,1
46.0,6846.77,17.0,0.54,7.0,2
27.0,5111.67,15.0,0.06,11.0,2
55.0,1335.22,13.0,0.65,12.0,1
41.0,4570.775,12.0,0.11,14.0,1
36.0,2876.5,3.0,0.93,1.0,0
35.0,4570.775,1.0,0.87,5.0,2
56.0,849.12,10.0,0.5,9.0,2
68.0,3909.79,14.0,0.5,4.0,0
22.0,3266.28,1.0,0.5,10.0,2
32.0,6410.22,17.0,0.16,2.0,2
51.0,5205.59,14.0,0.5,7.0,1
62.0,7081.15,19.0,0.04,7.0,0
54.0,6417.13,11.0,0.5,7.0,1
45.0,2135.9,5.0,0.5,7.0,2
46.0,4176.83,9.0,0.08,0.0,2
71.0,6478.33,9.0,0.34,9.0,0
20.0,4384.06,1.0,0.35,1.0,2
30.0,6424.36,12.0,0.2,0.0,1
67.0,4570.775,2.0,0.5,13.0,2
56.0,4570.775,0.0,0.32,2.0,0
44.0,6626.38,9.0,0.2,6.0,0
55.0,1141.06,10.0,0.04,13.0,0
56.0,4370.03,19.0,0.5,9.0,2
72.0,2058.45,9.0,0.5,14.0,1
61.0,3799.37,18.0,0.55,7.0,0
46.0,4570.775,11.0,0.5,9.0,2
28.0,3950.02,1.0,0.5,7.0,2
49.0,4865.25,3.0,0.73,7.0,0
46.0,5246.76,4.0,0.5,7.0,2
59.0,1378.66,13.0,0.5,11.0,1
40.0,7392.83,18.0,0.39,6.0,2
36.0,3811.59,12.0,0.28,7.0,2
74.0,3815.87,15.0,0.48,7.0,2
34.0,7648.85,18.0,0.5,14.0,1
40.0,4570.775,5.0,0.95,1.0,0
63.0,6662.77,9.0,0.16,12.0,1
46.0,1206.13,10.0,0.5,13.0,1
55.0,3172.36,14.0,0.5,9.0,0
63.0,4147.22,4.0,0.37,7.0,2
49.0,4238.31,9.0,0.5,2.0,1
68.0,7836.93,10.0,0.72,7.0,1
57.0,4570.775,9.0,0.5,11.0,2
52.0,6884.94,10.0,0.57,9.0,1
46.0,9080.81,11.0,0.5,11.0,1
57.0,810.97,17.0,0.35,0.0,2
40.0,4760.84,4.0,0.55,5.0,2
45.0,3788.71,12.0,0.57,7.0,0
58.0,7225.3,12.0,0.5,14.0,1
45.0,5418.81,1.0,0.69,0.0,2
37.0,4508.51,1.0,0.32,8.0,0
50.0,5913.43,6.0,0.99,5.0,1
72.0,3996.28,9.0,0.5,14.0,2
48.0,3242.15,9.0,0.5,12.0,2
32.0,1422.37,17.0,0.75,7.0,1
28.0,4570.775,16.0,0.1,14.0,2
52.0,7330.65,12.0,0.69,2.0,2
22.0,2025.04,11.0,0.5,3.0,2
46.0,5678.06,19.0,0.73,7.0,2
70.0,5367.81,16.0,0.09,4.0,2
41.0,1105.62,0.0,0.89,5.0,2
44.0,3992.48,4.0,0.5,12.0,1
65.0,7167.97,17.0,0.0,7.0,2
23.0,3918.24,13.0,0.5,1.0,2
20.0,9264.13,5.0,0.5,7.0,2
51.0,4985.51,4.0,0.77,7.0,1
61.0,2321.7,1.0,0.5,0.0,1
40.0,4528.23,6.0,0.5,12.0,1
56.0,5277.16,5.0,0.82,2.0,2
46.0,5681.77,9.0,-0.0,5.0,1
72.0,5076.85,1.0,0.8,14.0,1
66.0,6413.22,9.0,0.34,13.0,0
32.0,7752.62,9.0,0.85,5.0,1
45.0,3836.09,12.0,0.5,0.0,0
47.0,4760.72,8.0,0.07,12.0,1
68.0,8710.63,11.0,0.5,11.0,1
59.0,4570.775,4.0,0.5,7.0,2
46.0,4312.32,9.0,0.5,9.0,0
70.0,5808.02,4.0,0.92,8.0,0
72.0,2059.38,16.0,0.29,2.0,1
39.0,6611.06,2.0,0.5,14.0,2
18.0,3862.61,2.0,0.5,6.0,1
51.0,4215.42,9.0,0.27,10.0,2
26.0,2122.91,16.0,0.28,12.0,2
71.0,8095.12,17.0,0.5,14.0,1
22.0,1640.24,6.0,0.79,3.0,2
35.0,4671.55,9.0,0.5,7.0,0
40.0,4570.775,13.0,0.05,2.0,0
68.0,5584.76,6.0,0.76,0.0,2
70.0,2385.5,1.0,0.84,9.0,1
40.0,6932.89,7.0,0.5,6.0,1
66.0,4570.775,12.0,0.74,0.0,0
16.0,6356.11,12.0,0.96,7.0,2
73.0,6020.68,14.0,0.3,7.0,1
16.0,8125.59,8.0,0.04,4.0,2
43.0,2404.63,9.0,0.26,3.0,2
44.0,2269.3,1.0,0.39,10.0,2
46.0,2771.44,1.0,0.53,3.0,0
23.0,6217.62,16.0,0.5,7.0,1
31.0,5371.9,15.0,0.5,7.0,2
74.0,1576.73,18.0,0.52,6.0,1
31.0,5484.71,19.0,0.17,9.0,1
41.0,2657.34,19.0,0.56,7.0,1
25.0,6047.5,6.0,0.5,7.0,1
52.0,6303.89,9.0,0.27,12.0,1
46.0,3357.53,10.0,0.91,6.0,2
54.0,9110.81,4.0,0.36,3.0,2
69.0,3826.62,15.0,0.09,7.0,0
46.0,2826.58,18.0,0.17,5.0,2
55.0,3480.85,13.0,0.5,7.0,1
67.0,7412.7,10.0,0.5,7.0,1
41.0,3586.03,9.0,0.11,14.0,0
42.0,2551.6,9.0,0.79,8.0,1
46.0,7566.18,9.0,0.86,7.0,1
29.0,686.04,9.0,0.45,8.0,1
36.0,7402.91,9.0,0.5,7.0,1
48.0,5352.98,6.0,0.71,10.0,0
38.0,4570.775,7.0,0.17,7.0,1
51.0,6647.94,8.0,0.75,8.0,1
67.0,6838.33,14.0,0.95,6.0,0
66.0,922.41,8.0,0.5,11.0,0
63.0,2930.04,1.0,0.23,11.0,1
31.0,4570.775,13.0,0.54,7.0,2
70.0,8185.74,8.0,0.04,6.0,2
17.0,4150.75,16.0,0.69,7.0,2
32.0,5365.07,2.0,0.16,6.0,1
30.0,6017.84,1.0,0.71,1.0,1
59.0,2302.59,18.0,0.5,7.0,1
69.0,4280.21,5.0,0.83,8.0,0
64.0,2165.68,4.0,0.86,0.0,1
67.0,1642.23,13.0,0.77,7.0,1
52.0,2993.13,16.0,0.5,10.0,2
57.0,4103.09,9.0,0.5,7.0,1
59.0,3352.31,18.0,0.5,14.0,0
64.0,5930.05,18.0,0.31,9.0,0
63.0,3345.76,3.0,0.07,10.0,2
63.0,4570.775,15.0,0.5,10.0,1
32.0,4693.15,6.0,0.74,5.0,2
57.0,2580.7,14.0,0.39,6.0,0
31.0,9483.93,6.0,0.11,7.0,1
16.0,4978.92,13.0,0.5,8.0,0
38.0,6560.19,11.0,0.58,8.0,1
65.0,4097.99,7.0,0.25,9.0,1
47.0,4570.775,8.0,0.91,14.0,1
53.0,6212.91,9.0,0.5,8.0,2
46.0,4692.58,18.0,0.5,8.0,1
35.0,5360.29,12.0,0.18,5.0,1
67.0,7435.09,13.0,0.43,7.0,0
18.0,5382.31,14.0,0.36,7.0,1
39.0,1326.8,6.0,0.5,11.0,1
39.0,4570.775,1.0,0.74,0.0,1
31.0,2716.69,2.0,0.81,11.0,2
70.0,2081.08,9.0,0.09,7.0,0
18.0,4491.05,11.0,0.96,13.0,0
35.0,3506.65,4.0,0.5,7.0,1
36.0,2332.67,17.0,0.6,5.0,2
42.0,9829.48,2.0,0.45,0.0,0
67.0,3546.17,9.0,0.5,14.0,2
64.0,6021.81,8.0,0.51,0.0,2
59.0,2949.07,13.0,0.65,7.0,2
64.0,9174.34,3.0,0.5,7.0,0
46.0,7910.13,8.0,0.5,14.0,1
65.0,3591.4,4.0,0.88,10.0,2
46.0,7779.69,18.0,0.83,5.0,1
16.0,5015.73,3.0,0.47,2.0,1
59.0,4935.02,4.0,0.75,7.0,1
55.0,1451.79,3.0,0.5,14.0,2
46.0,4424.32,1.0,0.5,3.0,1
46.0,2350.67,15.0,0.93,0.0,1
62.0,8070.1,9.0,0.5,7.0,2
40.0,2091.3,9.0,0.45,11.0,1
33.0,4268.96,5.0,0.66,7.0,1
36.0,9343.66,16.0,0.44,13.0,2
74.0,4896.47,9.0,0.62,7.0,0
58.0,5356.28,11.0,0.5,2.0,1
71.0,4570.775,7.0,0.34,8.0,1
46.0,6394.27,18.0,0.61,12.0,2
65.0,3990.48,9.0,0.5,7.0,1
46.0,3833.24,12.0,0.57,7.0,2
53.0,6384.01,19.0,0.75,7.0,1
50.0,5003.72,7.0,0.68,7.0,2
55.0,3874.78,17.0,0.31,7.0,2
53.0,5936.44,15.0,0.36,7.0,0
32.0,3770.11,11.0,0.18,7.0,0
46.0,3077.35,14.0,0.5,11.0,2
40.0,4570.775,3.0,0.5,10.0,0
60.0,5035.81,9.0,0.34,7.0,1
48.0,4578.33,0.0,0.5,7.0,1
62.0,8236.75,18.0,0.55,2.0,0
56.0,4543.0,1.0,0.5,7.0,1
64.0,3804.96,1.0,0.5,1.0,1
74.0,4045.38,7.0,0.5,7.0,1
51.0,4570.775,2.0,0.9,11.0,1
36.0,8664.31,5.0,0.5,7.0,2
31.0,4570.775,8.0,0.8,12.0,0
16.0,4405.43,14.0,0.5,9.0,1
46.0,5070.32,3.0,0.29,7.0,2
34.0,7256.5,4.0,0.22,2.0,0
47.0,6138.78,16.0,0.5,7.0,1
46.0,4570.775,14.0,0.89,11.0,1
18.0,6911.72,2.0,0.02,14.0,1
36.0,9625.4,5.0,0.5,13.0,1
32.0,2216.46,12.0,0.06,5.0,0
48.0,7864.0,15.0,0.5,7.0,2
33.0,3690.03,13.0,0.13,10.0,2
67.0,4570.775,19.0,0.57,6.0,2
73.0,1757.7,12.0,0.15,7.0,2
49.0,7130.58,13.0,0.46,11.0,2
46.0,540.68,9.0,0.71,12.0,1
23.0,6006.93,15.0,0.71,7.0,0
57.0,2583.96,7.0,0.39,10.0,1
46.0,3883.96,17.0,0.5,8.0,2
23.0,4570.775,7.0,0.36,1.0,1
62.0,6019.74,9.0,0.7,8.0,2
63.0,5195.05,17.0,0.23,11.0,2
24.0,2836.28,18.0,0.36,9.0,1
46.0,1517.11,9.0,0.5,3.0,1
36.0,7369.2,9.0,0.0,14.0,2
74.0,4570.775,15.0,0.02,8.0,0
54.0,4570.775,9.0,0.8,7.0,2
23.0,4570.775,11.0,0.5,5.0,2
26.0,2610.72,0.0,0.5,13.0,1
34.0,115.25,15.0,0.55,6.0,2
62.0,6798.06,12.0,0.5,9.0,0
74.0,4152.9,5.0,0.78,0.0,1
33.0,2739.08,3.0,0.95,5.0,0
50.0,6091.94,8.0,0.2,4.0,0
60.0,3175.1,17.0,0.71,6.0,1
26.0,2073.92,9.0,0.84,4.0,2
43.0,7521.6,4.0,0.5,13.0,0
46.0,6247.17,15.0,0.12,7.0,1
41.0,5414.55,4.0,0.5,7.0,2
47.0,5123.66,11.0,0.1,11.0,1
43.0,1396.77,9.0,0.5,9.0,0
20.0,7814.7,2.0,0.5,7.0,1
48.0,873.04,3.0,0.13,11.0,2
29.0,3490.18,12.0,0.5,12.0,1
23.0,3219.51,15.0,0.34,10.0,1
42.0,2149.92,0.0,0.0,0.0,2
71.0,6857.97,1.0,0.08,1.0,2
44.0,4929.99,2.0,0.5,11.0,1
47.0,7548.36,13.0,0.5,13.0,0
34.0,6365.92,2.0,0.5,5.0,0
70.0,8674.74,12.0,0.5,3.0,0
41.0,5647.28,1.0,0.1,7.0,2
41.0,5278.78,13.0,0.91,1.0,1
52.0,6322.67,17.0,0.11,3.0,1
37.0,4747.09,0.0,0.5,2.0,2
37.0,1295.84,12.0,0.77,1.0,1
39.0,3656.87,19.0,0.5,12.0,2
67.0,3619.18,17.0,0.79,3.0,1
66.0,5961.74,18.0,0.49,7.0,2
33.0,4570.775,9.0,0.16,12.0,1
68.0,5057.78,9.0,0.5,12.0,1
33.0,3407.36,5.0,0.57,7.0,1
44.0,3094.29,3.0,0.22,11.0,1
62.0,8403.49,18.0,0.96,4.0,2
48.0,1044.59,7.0,0.45,13.0,0
66.0,4985.93,0.0,0.5,2.0,1
68.0,4570.775,7.0,0.53,8.0,1
70.0,2208.82,1.0,0.84,5.0,2
50.0,4945.01,13.0,0.5,0.0,2
69.0,3736.46,3.0,0.5,7.0,1
27.0,2511.69,2.0,0.5,7.0,0
46.0,4832.63,9.0,0.93,7.0,1
74.0,3694.07,15.0,0.5,7.0,0
16.0,7027.98,4.0,0.46,11.0,0
41.0,5880.89,12.0,0.94,7.0,1
18.0,3772.5,15.0,-0.0,5.0,1
31.0,4949.04,6.0,0.63,11.0,1
34.0,4166.58,12.0,0.48,8.0,2
22.0,2110.44,19.0,0.75,14.0,0
46.0,567.54,1.0,0.5,3.0,1
65.0,7487.14,9.0,0.5,1.0,1
22.0,5261.97,9.0,0.53,14.0,2
42.0,2842.79,5.0,0.5,7.0,0
16.0,3327.66,3.0,0.22,9.0,1
59.0,7887.48,3.0,0.5,3.0,1
46.0,5716.88,17.0,0.71,12.0,1
62.0,295.33,14.0,0.09,12.0,1
18.0,3281.62,13.0,0.5,5.0,1
56.0,6291.77,4.0,0.5,12.0,1
50.0,413.27,2.0,0.5,8.0,1
28.0,5269.01,2.0,0.88,7.0,0
35.0,4570.775,3.0,0.5,4.0,1
69.0,6620.66,6.0,-0.0,10.0,2
52.0,1041.79,5.0,0.51,2.0,0
72.0,6216.57,5.0,0.5,4.0,2
43.0,7606.04,5.0,0.5,7.0,2
56.0,5796.98,16.0,0.5,0.0,2
19.0,10417.44,14.0,0.33,13.0,2
43.0,1606.34,1.0,0.5,2.0,2
58.0,2330.14,13.0,0.5,7.0,2
53.0,4570.775,16.0,0.5,9.0,1
31.0,681.07,19.0,0.5,12.0,0
63.0,4570.775,17.0,0.5,10.0,2
40.0,2491.86,5.0,0.95,8.0,1
47.0,4068.74,9.0,0.5,2.0,1
27.0,5146.29,14.0,0.98,12.0,2
28.0,7223.56,2.0,0.82,0.0,1
46.0,4059.99,7.0,0.89,2.0,0
74.0,3666.87,15.0,0.5,7.0,1
50.0,3658.91,10.0,0.79,8.0,0
33.0,6872.69,8.0,0.78,12.0,1
62.0,6525.95,15.0,0.78,13.0,1
73.0,3894.87,1.0,0.5,11.0,1
47.0,3597.65,4.0,0.53,7.0,0
39.0,1076.1,9.0,0.5,5.0,0
51.0,1102.99,2.0,0.5,12.0,2
46.0,3940.6,8.0,0.04,10.0,1
43.0,1520.94,15.0,0.5,10.0,1
53.0,2440.07,16.0,0.96,7.0,0
65.0,5254.53,11.0,0.5,3.0,2
71.0,1142.67,0.0,0.99,14.0,2
18.0,6872.71,9.0,0.5,4.0,1
69.0,5588.71,4.0,0.5,7.0,2
16.0,6878.21,9.0,0.11,0.0,1
33.0,3467.32,6.0,0.73,7.0,2
23.0,2664.97,19.0,0.18,8.0,1
56.0,8431.89,7.0,0.5,9.0,1
20.0,4570.775,4.0,0.58,1.0,1
33.0,4280.02,9.0,0.55,7.0,1
33.0,5321.17,9.0,0.82,7.0,1
49.0,3576.05,1.0,0.5,1.0,2
58.0,1462.74,9.0,0.17,4.0,1
50.0,3765.04,10.0,0.5,3.0,0
17.0,2984.77,17.0,0.04,11.0,2
51.0,8796.1,14.0,0.25,10.0,2
20.0,7004.7,11.0,0.5,7.0,0
53.0,6103.75,3.0,0.4,11.0,0
53.0,3859.72,9.0,0.5,12.0,1
53.0,6169.84,17.0,0.5,13.0,1
47.0,4570.775,0.0,0.7,8.0,0
36.0,4939.55,4.0,0.5,14.0,1
74.0,5898.8,19.0,0.5,5.0,2
51.0,1781.33,12.0,0.58,7.0,1
36.0,3013.45,5.0,0.02,8.0,2
17.0,5594.04,14.0,0.85,12.0,1
59.0,6492.34,5.0,0.8,13.0,1
72.0,7777.6,6.0,0.23,8.0,2
69.0,3766.81,0.0,0.65,1.0,1
27.0,5810.97,12.0,0.51,7.0,1
57.0,7616.31,11.0,0.59,9.0,2
60.0,6511.34,9.0,0.5,9.0,2
48.0,3560.92,7.0,0.5,7.0,2
67.0,7265.5,11.0,0.5,8.0,1
46.0,4121.07,1.0,0.5,7.0,1
43.0,4570.775,9.0,0.9,13.0,1
25.0,4447.6,17.0,0.5,7.0,1
63.0,7312.15,7.0,0.54,4.0,2
39.0,4880.83,9.0,0.59,8.0,2
43.0,6199.27,6.0,0.5,9.0,1
62.0,4570.775,2.0,0.5,10.0,1
48.0,8018.92,14.0,0.03,4.0,2
64.0,4570.775,9.0,0.89,7.0,0
46.0,4570.775,18.0,0.36,12.0,1
72.0,4548.96,9.0,0.5,6.0,1
39.0,4490.94,17.0,0.5,10.0,1
41.0,317.07,9.0,0.48,12.0,0
27.0,7588.82,3.0,0.81,2.0,1
49.0,4269.14,4.0,0.09,6.0,1
30.0,4895.93,14.0,0.5,11.0,0
45.0,1935.84,13.0,0.39,9.0,2
56.0,3249.28,4.0,0.5,12.0,1
22.0,5496.48,16.0,0.03,3.0,0
66.0,7808.76,9.0,0.5,8.0,2
74.0,11279.03,9.0,0.5,11.0,0
47.0,2963.9,19.0,0.35,7.0,0
60.0,2849.88,8.0,0.88,1.0,0
18.0,4570.775,3.0,0.5,1.0,1
46.0,1947.21,5.0,0.98,12.0,1
43.0,8946.4,3.0,0.4,7.0,2
46.0,3312.66,19.0,0.4,5.0,2
38.0,3900.32,3.0,0.83,5.0,2
56.0,1687.37,12.0,0.5,5.0,1
32.0,7373.85,5.0,0.18,7.0,2
21.0,8624.55,13.0,0.5,7.0,1
68.0,1078.06,12.0,0.92,1.0,0
28.0,5384.41,2.0,0.5,7.0,0
44.0,5799.85,1.0,0.5,11.0,0
46.0,8014.76,6.0,0.5,12.0,1
41.0,2752.72,18.0,0.5,8.0,2
74.0,5142.95,8.0,0.93,9.0,1
31.0,1136.25,19.0,0.05,13.0,0
66.0,4393.93,9.0,0.93,8.0,2
56.0,4570.775,9.0,0.5,3.0,2
64.0,7873.74,8.0,0.5,8.0,0
24.0,1426.23,0.0,0.18,4.0,1
59.0,6190.85,13.0,0.23,3.0,1
56.0,2245.52,9.0,0.49,11.0,1
60.0,3734.6,17.0,0.5,1.0,1
19.0,2273.4,2.0,0.5,7.0,2
63.0,5183.01,16.0,0.07,8.0,0
46.0,2538.16,12.0,0.18,11.0,1
58.0,8648.72,4.0,0.23,7.0,1
44.0,6855.41,11.0,0.06,9.0,2
50.0,2388.37,17.0,0.5,7.0,0
18.0,5110.33,3.0,0.5,14.0,2
46.0,4570.775,6.0,0.78,7.0,1
70.0,8281.66,3.0,0.85,4.0,2
49.0,4570.775,9.0,0.04,9.0,0
66.0,6349.61,4.0,0.5,3.0,1
69.0,4253.47,3.0,0.74,10.0,0
30.0,3958.01,1.0,0.56,2.0,2
66.0,3612.32,13.0,0.5,5.0,1
46.0,7345.85,17.0,0.5,10.0,0
51.0,4595.52,7.0,0.39,4.0,2
26.0,7370.39,7.0,0.5,1.0,2
38.0,2222.18,9.0,0.77,3.0,2
44.0,4150.03,5.0,0.5,7.0,1
26.0,917.47,4.0,0.5,7.0,1
45.0,4570.775,19.0,0.65,7.0,1
46.0,6993.37,17.0,0.5,6.0,1
65.0,4054.91,2.0,0.5,10.0,2
28.0,2300.92,18.0,0.91,7.0,1
61.0,6500.95,2.0,0.57,4.0,0
59.0,2618.27,0.0,0.5,11.0,0
42.0,5518.71,4.0,0.5,12.0,1
37.0,2944.02,6.0,0.5,7.0,1
67.0,4570.775,6.0,0.18,7.0,2
21.0,4145.32,2.0,0.39,10.0,1
35.0,8243.88,9.0,0.5,14.0,2
46.0,3935.31,9.0,0.16,1.0,2
41.0,5318.16,9.0,0.38,9.0,1
39.0,4231.93,1.0,0.5,3.0,1
58.0,4304.82,9.0,1.0,2.0,1
61.0,1620.91,2.0,0.5,9.0,2
46.0,3347.89,7.0,0.5,7.0,0
57.0,10182.47,2.0,0.48,14.0,1
62.0,2329.16,17.0,0.5,7.0,1
26.0,3519.39,1.0,0.79,1.0,2
17.0,5010.89,13.0,0.5,14.0,1
58.0,5501.82,1.0,0.16,1.0,2
38.0,6483.55,13.0,0.15,6.0,1
46.0,3359.29,6.0,0.96,5.0,2
56.0,416.51,9.0,0.74,0.0,0
67.0,4430.7,5.0,0.65,5.0,1
47.0,5190.79,10.0,0.15,5.0,0
38.0,3722.18,15.0,0.63,8.0,0
44.0,796.23,14.0,0.64,7.0,2
57.0,4570.775,9.0,0.5,7.0,2
54.0,6473.46,6.0,0.5,14.0,2
16.0,3506.31,9.0,0.5,8.0,2
54.0,462.53,9.0,0.5,8.0,2
22.0,6321.53,8.0,0.5,3.0,2
34.0,5659.56,6.0,0.78,12.0,2
66.0,4570.775,16.0,0.06,8.0,2
60.0,4198.5,7.0,0.5,0.0,1
17.0,2697.7,4.0,0.5,10.0,0
61.0,11721.22,9.0,0.73,6.0,2
17.0,2867.02,14.0,0.5,13.0,0
49.0,1346.08,18.0,0.1,13.0,1
54.0,6838.58,4.0,0.5,6.0,2
66.0,3049.77,9.0,0.5,10.0,1
49.0,4138.22,12.0,0.51,9.0,1
45.0,5992.72,9.0,0.5,7.0,2
43.0,6739.1,18.0,0.17,11.0,2
17.0,1745.26,7.0,0.44,10.0,1
43.0,6740.72,19.0,0.5,7.0,2
52.0,4127.33,19.0,0.69,14.0,0
33.0,3549.0,13.0,0.5,2.0,2
16.0,4461.22,16.0,0.5,11.0,0
33.0,5643.49,10.0,0.5,6.0,2
25.0,1858.68,3.0,0.5,7.0,0
73.0,8524.55,6.0,0.31,0.0,0
55.0,5932.93,0.0,0.61,13.0,1
22.0,2569.75,6.0,-0.0,13.0,1
72.0,5091.81,8.0,0.5,13.0,2
51.0,4570.775,8.0,0.88,12.0,2
39.0,3301.83,4.0,0.25,12.0,2
39.0,4571.4,3.0,0.06,2.0,1
67.0,9312.53,1.0,0.5,11.0,2
58.0,2426.55,13.0,0.5,7.0,1
43.0,4570.775,10.0,0.25,14.0,1
71.0,11589.79,14.0,0.88,13.0,1
31.0,4995.87,9.0,0.21,3.0,1
49.0,4660.87,3.0,0.6,2.0,1
42.0,4570.775,5.0,0.17,6.0,2
57.0,3723.28,12.0,0.5,0.0,1
36.0,6457.02,9.0,0.16,3.0,0
62.0,5141.27,9.0,0.5,11.0,2
28.0,1702.06,7.0,0.99,6.0,1
52.0,7262.57,2.0,0.55,5.0,2
70.0,4570.775,7.0,0.43,10.0,2
37.0,7043.31,7.0,0.5,7.0,0
46.0,1224.83,13.0,0.36,7.0,2
46.0,1998.93,13.0,0.5,7.0,1
42.0,853.19,9.0,0.76,7.0,2
44.0,5985.74,16.0,0.51,7.0,1
58.0,4887.8,9.0,0.5,9.0,1
64.0,4570.775,10.0,0.28,12.0,2
23.0,5639.86,15.0,0.13,11.0,1
64.0,9061.06,1.0,0.92,14.0,2
45.0,4433.57,19.0,0.5,10.0,1
36.0,7881.67,3.0,0.5,11.0,2
44.0,2924.51,14.0,0.73,6.0,2
50.0,4005.98,17.0,0.5,10.0,1
21.0,3309.56,9.0,0.72,7.0,1
63.0,2790.3,9.0,0.87,12.0,0
20.0,5996.99,10.0,0.5,9.0,1
72.0,4057.22,6.0,0.65,6.0,2
48.0,3865.27,10.0,0.5,14.0,1
37.0,6631.07,10.0,0.42,3.0,1
46.0,5137.87,9.0,0.98,7.0,1
46.0,4907.83,13.0,0.53,7.0,1
21.0,6736.92,2.0,0.64,13.0,0
69.0,3518.5,9.0,0.7,3.0,0
26.0,6317.46,9.0,0.0,0.0,1
49.0,2011.89,3.0,1.0,3.0,2
66.0,1860.89,15.0,0.45,13.0,1
43.0,6793.61,16.0,0.5,3.0,1
52.0,4570.775,17.0,0.26,6.0,1
39.0,12244.33,9.0,0.5,2.0,2
34.0,4570.775,11.0,0.8,7.0,1
44.0,6368.07,18.0,0.5,0.0,1
16.0,4487.54,2.0,0.7,3.0,2
57.0,1329.96,0.0,0.45,10.0,1
54.0,1719.09,8.0,0.31,6.0,0
44.0,4667.5,12.0,0.67,5.0,2
72.0,2284.78,4.0,0.5,10.0,1
74.0,3728.65,14.0,0.15,5.0,2
30.0,4105.87,18.0,0.88,7.0,2
60.0,4686.06,18.0,0.95,7.0,2
51.0,4570.775,9.0,0.74,10.0,2
27.0,5954.29,4.0,0.5,7.0,0
74.0,2243.29,5.0,0.2,13.0,1
27.0,3231.08,17.0,0.5,13.0,0
46.0,2781.03,14.0,0.34,8.0,1
46.0,1572.84,17.0,0.88,5.0,0
17.0,4843.0,0.0,0.5,10.0,1
66.0,4570.775,9.0,0.79,7.0,1
53.0,6624.75,6.0,0.5,8.0,1
24.0,4187.98,1.0,0.5,10.0,1
59.0,6364.62,10.0,0.5,9.0,2
65.0,3506.42,17.0,0.32,8.0,1
35.0,5452.48,7.0,0.5,3.0,0
64.0,6237.8,6.0,0.5,7.0,1
64.0,6314.08,11.0,0.73,14.0,2
44.0,1659.0,1.0,0.5,10.0,2
69.0,5451.69,9.0,0.3,7.0,0
65.0,7864.77,11.0,0.98,11.0,1
46.0,4727.28,9.0,0.39,7.0,2
38.0,2312.42,11.0,0.82,10.0,0
40.0,4570.775,0.0,0.5,7.0,1
69.0,8629.83,1.0,0.5,13.0,0
47.0,6280.24,12.0,0.5,7.0,1
45.0,5481.02,1.0,0.94,3.0,2
43.0,8032.5,18.0,0.5,3.0,0
56.0,4570.775,5.0,0.63,8.0,1
47.0,4570.775,1.0,0.85,7.0,1
33.0,7999.69,1.0,0.94,2.0,1
46.0,7189.43,13.0,0.89,3.0,2
51.0,3520.04,14.0,0.6,2.0,1
57.0,4570.775,8.0,0.51,12.0,1
71.0,1885.87,9.0,0.25,2.0,1
63.0,6781.82,8.0,0.81,12.0,2
46.0,5487.7,17.0,0.23,12.0,1
35.0,2923.34,11.0,0.51,5.0,2
26.0,5595.94,14.0,0.5,7.0,0
24.0,5729.52,10.0,0.86,9.0,1
46.0,5977.78,13.0,0.85,7.0,2
58.0,4570.775,0.0,0.5,12.0,1
66.0,3322.79,13.0,0.17,6.0,2
22.0,3247.88,10.0,0.41,5.0,1
40.0,5221.17,9.0,0.5,13.0,2
53.0,4570.775,4.0,0.5,8.0,2
34.0,7626.01,17.0,0.5,3.0,2
72.0,3430.77,11.0,0.69,7.0,0
26.0,2899.43,1.0,0.5,4.0,0
23.0,5069.33,3.0,0.66,6.0,1
62.0,4006.21,5.0,0.1,14.0,0
40.0,3003.22,11.0,0.5,3.0,1
38.0,4241.67,17.0,0.14,7.0,2
35.0,3744.75,3.0,0.5,10.0,1
20.0,3554.76,6.0,0.5,13.0,1
53.0,2182.05,3.0,0.5,0.0,2
28.0,3051.1,7.0,0.5,4.0,0
38.0,4570.775,0.0,0.25,10.0,1
51.0,677.94,12.0,0.25,7.0,1
48.0,2658.43,15.0,0.51,4.0,2
68.0,2712.28,12.0,0.94,10.0,1
31.0,4624.1,3.0,0.5,7.0,1
21.0,8112.43,9.0,0.42,4.0,1
60.0,3347.22,14.0,0.25,11.0,2
35.0,3293.5,0.0,0.42,6.0,2
66.0,1520.27,12.0,0.78,7.0,2
74.0,4263.72,12.0,0.87,12.0,0
17.0,5747.15,1.0,0.81,10.0,2
55.0,520.09,9.0,0.12,10.0,2
57.0,3171.85,17.0,0.96,0.0,2
36.0,7396.27,11.0,0.69,8.0,1
72.0,2702.84,9.0,0.5,2.0,1
46.0,5303.82,17.0,0.48,7.0,1
37.0,4570.775,17.0,0.44,0.0,0
53.0,4570.775,7.0,1.0,10.0,2
40.0,7128.81,17.0,0.7,5.0,2
26.0,4029.79,5.0,0.5,3.0,1
59.0,5396.7,9.0,0.43,3.0,1
42.0,1197.37,7.0,0.5,5.0,2
16.0,2256.48,2.0,0.76,5.0,1
31.0,5189.3,2.0,0.77,7.0,1
22.0,2494.41,14.0,0.95,13.0,0
41.0,4078.71,0.0,0.85,6.0,2
41.0,5298.68,15.0,0.67,1.0,1
52.0,6168.35,3.0,0.74,7.0,1
23.0,6558.53,13.0,0.81,7.0,0
60.0,1883.42,9.0,0.5,9.0,1
46.0,5863.76,17.0,0.5,7.0,2
34.0,3097.13,9.0,0.74,7.0,2
29.0,6943.35,11.0,0.04,14.0,2
51.0,2437.76,9.0,0.5,5.0,2
27.0,3465.09,3.0,0.5,7.0,1
39.0,8081.37,3.0,0.32,3.0,2
26.0,5159.98,9.0,0.83,9.0,1
60.0,5388.48,9.0,0.16,14.0,1
20.0,5977.95,10.0,0.5,10.0,2
71.0,3359.95,8.0,0.26,9.0,2
19.0,3580.99,10.0,0.63,5.0,1
42.0,7759.14,2.0,0.84,1.0,0
61.0,6024.06,11.0,0.62,4.0,2
35.0,6453.06,13.0,0.84,7.0,1
70.0,7870.95,17.0,0.6,12.0,2
43.0,7713.33,7.0,0.5,10.0,1
58.0,4128.12,12.0,0.5,5.0,1
43.0,4570.775,16.0,0.75,13.0,2
47.0,2460.73,5.0,0.5,8.0,1
74.0,5142.24,13.0,0.5,2.0,1
67.0,291.79,5.0,0.43,4.0,1
43.0,3289.62,12.0,0.61,10.0,1
67.0,1525.03,13.0,0.5,8.0,1
20.0,1594.92,4.0,0.5,13.0,0
17.0,1314.21,12.0,0.5,7.0,1
46.0,2490.99,13.0,0.39,9.0,2
23.0,5885.84,9.0,0.5,9.0,0
57.0,6476.6,8.0,0.5,11.0,0
45.0,1902.16,9.0,0.66,7.0,1
28.0,6923.74,10.0,0.99,9.0,0
67.0,4477.4,2.0,0.68,13.0,2
74.0,3506.15,9.0,0.03,7.0,1
35.0,4981.34,18.0,0.5,2.0,1
71.0,3500.54,16.0,0.44,14.0,1
16.0,8140.96,9.0,0.13,4.0,1
66.0,4570.775,1.0,0.5,7.0,2
68.0,4570.775,11.0,0.4,1.0,1
46.0,1841.15,2.0,0.5,12.0,2
62.0,5831.31,6.0,0.76,12.0,2
59.0,3142.38,18.0,0.5,6.0,1
53.0,6185.65,17.0,0.35,5.0,2
35.0,5332.9,0.0,0.77,11.0,0
21.0,2903.45,9.0,0.52,0.0,2
18.0,4570.775,9.0,0.07,7.0,2
69.0,659.58,9.0,0.67,7.0,1
23.0,2779.11,19.0,0.5,7.0,2
22.0,7105.39,11.0,0.79,7.0,1
19.0,4467.9,16.0,0.68,12.0,1
46.0,3423.43,4.0,0.5,12.0,2
18.0,4304.57,10.0,0.5,5.0,1
23.0,1255.35,13.0,0.8,5.0,1
33.0,3274.85,19.0,0.5,3.0,2
18.0,5849.91,3.0,0.19,7.0,2
27.0,6209.09,3.0,0.9,7.0,2
46.0,4616.06,11.0,0.43,7.0,0
74.0,895.5,12.0,0.5,4.0,1
38.0,4991.2,0.0,0.32,14.0,1
26.0,266.16,10.0,0.5,13.0,1
63.0,9272.41,18.0,0.5,0.0,2
43.0,3227.78,1.0,0.45,7.0,2
63.0,5271.85,1.0,0.5,2.0,1
65.0,1718.44,6.0,0.5,7.0,2
65.0,4570.775,9.0,0.5,1.0,2
32.0,6207.75,15.0,0.12,13.0,2
71.0,4767.77,7.0,0.15,13.0,1
45.0,3880.27,18.0,0.5,0.0,2
59.0,4766.51,8.0,0.5,5.0,1
18.0,3534.21,8.0,0.5,7.0,2
33.0,6379.61,18.0,0.5,14.0,0
46.0,4570.775,2.0,0.61,7.0,2
69.0,4570.775,5.0,0.79,8.0,1
29.0,3676.11,18.0,0.5,5.0,1
65.0,4570.775,5.0,0.94,2.0,2
29.0,6494.41,16.0,0.5,2.0,2
67.0,9150.72,16.0,0.68,1.0,2
42.0,5261.56,17.0,0.5,0.0,1
34.0,7815.34,9.0,0.46,1.0,1
70.0,188.55,3.0,0.5,9.0,1
31.0,1195.34,19.0,0.33,14.0,0
43.0,8165.74,6.0,0.5,3.0,2
20.0,5542.43,9.0,0.5,13.0,2
57.0,1852.72,6.0,0.87,10.0,2
63.0,1765.73,15.0,0.52,7.0,0
58.0,4570.775,3.0,0.51,6.0,0
20.0,2571.63,9.0,0.16,2.0,1
68.0,2338.04,11.0,0.5,13.0,1
46.0,3171.25,14.0,0.59,7.0,1
74.0,6999.24,6.0,0.5,12.0,1
30.0,4241.78,18.0,0.5,6.0,0
40.0,2807.41,10.0,0.25,1.0,2
36.0,6554.73,15.0,0.37,7.0,1
52.0,3186.73,4.0,0.35,9.0,1
62.0,7873.24,3.0,0.5,5.0,1
17.0,7383.49,5.0,0.5,7.0,1
31.0,4570.775,7.0,0.5,0.0,2
36.0,6036.85,4.0,0.38,5.0,1
37.0,3786.2,18.0,0.7,7.0,1
46.0,102.05,16.0,0.8,0.0,0
31.0,4630.99,4.0,0.5,14.0,0
21.0,5191.31,1.0,0.5,14.0,2
26.0,4570.775,9.0,0.5,7.0,2
46.0,2888.69,6.0,0.62,3.0,1
56.0,2112.46,19.0,0.5,7.0,2
66.0,9512.58,16.0,0.61,6.0,0
16.0,3680.24,16.0,0.23,1.0,2
73.0,2054.54,9.0,0.26,0.0,2
44.0,4965.1,3.0,0.5,5.0,2
44.0,2771.08,1.0,0.5,7.0,1
53.0,5848.11,9.0,0.5,8.0,2
73.0,8448.75,1.0,0.5,12.0,1
63.0,3905.48,4.0,0.5,0.0,1
45.0,6547.4,5.0,0.33,2.0,1
43.0,4389.69,13.0,0.7,12.0,1
38.0,3845.96,13.0,0.04,7.0,0
70.0,4570.775,7.0,0.5,6.0,1
27.0,1836.01,17.0,0.5,7.0,1
18.0,3935.81,4.0,0.5,13.0,2
18.0,4570.775,14.0,0.58,8.0,2
67.0,3045.59,1.0,0.67,2.0,0
51.0,6382.05,17.0,0.22,7.0,2
34.0,3892.69,14.0,0.39,9.0,0
18.0,6592.55,9.0,0.5,7.0,1
37.0,6072.51,14.0,0.54,4.0,2
68.0,4570.775,6.0,0.5,7.0,1
29.0,10233.68,6.0,0.5,11.0,2
50.0,6562.51,9.0,0.43,10.0,1
46.0,1017.59,9.0,0.42,2.0,2
58.0,8235.18,13.0,0.5,4.0,0
54.0,595.25,2.0,0.18,11.0,0
18.0,3331.81,17.0,0.82,1.0,1
28.0,4586.71,4.0,0.85,13.0,2
46.0,3799.22,16.0,0.68,0.0,2
54.0,6857.06,4.0,0.68,2.0,2
29.0,4570.775,14.0,0.5,10.0,1
21.0,2859.19,13.0,0.35,10.0,1
46.0,7021.85,1.0,0.91,0.0,0
50.0,4190.07,4.0,-0.0,0.0,1
51.0,3148.73,9.0,0.52,7.0,1
70.0,4570.775,16.0,0.33,7.0,0
67.0,3624.71,17.0,0.64,7.0,2
50.0,1517.64,19.0,0.5,13.0,0
46.0,6735.83,1.0,0.13,9.0,2
65.0,5411.66,5.0,0.95,3.0,0
73.0,991.4,9.0,0.27,7.0,1
29.0,3618.45,7.0,0.5,7.0,1
43.0,2882.45,9.0,0.04,5.0,1
60.0,3418.01,8.0,0.58,10.0,0
70.0,5906.44,9.0,0.5,1.0,2
43.0,4703.66,15.0,0.45,10.0,1
46.0,4207.22,17.0,0.85,14.0,0
54.0,3654.12,1.0,0.22,10.0,1
39.0,2514.84,17.0,0.5,6.0,2
69.0,9282.61,9.0,0.72,13.0,1
25.0,6609.8,18.0,0.5,3.0,1
41.0,4033.53,17.0,0.32,4.0,2
23.0,4662.66,9.0,0.27,7.0,1
25.0,5022.76,9.0,0.04,7.0,0
37.0,2533.07,17.0,0.64,7.0,0
48.0,10070.84,13.0,0.29,9.0,2
45.0,5603.58,18.0,0.48,14.0,1
65.0,6764.96,10.0,0.34,12.0,2
46.0,3658.76,1.0,0.5,7.0,1
18.0,3954.33,16.0,0.14,7.0,2
59.0,7460.76,16.0,0.1,7.0,2
69.0,4570.775,11.0,0.64,7.0,1
46.0,4121.43,0.0,0.29,7.0,1
56.0,11458.98,2.0,0.32,13.0,1
43.0,1565.57,10.0,0.9,4.0,1
46.0,2072.97,9.0,0.5,6.0,1
48.0,2564.62,13.0,0.15,4.0,2
53.0,6477.22,15.0,0.5,1.0,1
20.0,2398.65,9.0,0.4,1.0,1
20.0,6690.2,2.0,0.5,6.0,2
46.0,2890.5,15.0,0.5,2.0,2
54.0,4937.49,0.0,-0.0,8.0,0
25.0,6028.99,9.0,0.1,7.0,2
41.0,3437.31,9.0,0.5,1.0,0
43.0,6531.41,19.0,0.44,9.0,2
29.0,2499.98,18.0,0.5,8.0,1
30.0,4443.43,9.0,0.5,10.0,1
72.0,40.69,4.0,0.39,0.0,1
45.0,2996.66,14.0,0.03,6.0,1
21.0,5089.01,8.0,0.14,7.0,1
73.0,6934.5,6.0,0.34,11.0,1
23.0,5513.76,13.0,0.56,1.0,0
26.0,4570.775,1.0,0.98,1.0,1
46.0,3614.85,11.0,0.5,10.0,1
53.0,4038.6,17.0,0.94,10.0,2
46.0,4377.23,4.0,0.5,13.0,2
37.0,4570.775,11.0,0.2,7.0,2
71.0,3069.82,18.0,0.38,3.0,0
58.0,2286.24,5.0,0.5,9.0,2
59.0,5580.73,9.0,0.5,0.0,2
24.0,2789.59,1.0,0.5,7.0,1
34.0,2875.9,17.0,0.94,7.0,1
44.0,4913.52,4.0,0.86,12.0,1
38.0,4570.775,11.0,0.41,8.0,1
60.0,5578.22,12.0,0.28,0.0,2
21.0,2641.82,12.0,0.46,7.0,0
46.0,2524.11,5.0,0.77,11.0,2
27.0,4570.775,15.0,0.5,6.0,2
62.0,3249.63,9.0,0.45,3.0,0
29.0,3855.64,3.0,0.5,8.0,0
67.0,2894.64,14.0,0.54,7.0,1
70.0,5324.18,3.0,0.5,10.0,2
47.0,4570.775,4.0,0.09,9.0,1
52.0,6560.91,6.0,0.9,0.0,1
68.0,2126.59,9.0,0.19,4.0,0
58.0,6657.07,11.0,0.5,4.0,2
40.0,9445.62,1.0,0.43,8.0,1
23.0,4570.775,17.0,0.13,3.0,1
49.0,4582.85,0.0,0.5,13.0,1
49.0,3847.74,16.0,0.88,1.0,2
25.0,4170.82,2.0,0.6,7.0,2
25.0,9121.72,17.0,0.5,7.0,2
35.0,4570.775,18.0,0.3,0.0,1
65.0,6204.28,9.0,0.86,3.0,0
71.0,8784.28,3.0,0.34,7.0,0
59.0,4477.45,4.0,0.5,5.0,1
36.0,5208.2,7.0,0.89,1.0,1
51.0,2469.13,15.0,0.65,1.0,1
29.0,3233.6,7.0,0.5,0.0,1
39.0,4570.775,9.0,0.48,11.0,1
24.0,9453.1,18.0,0.5,4.0,1
59.0,1482.9,9.0,0.5,10.0,0
16.0,8304.46,19.0,0.36,12.0,0
32.0,2246.86,12.0,0.2,7.0,0
58.0,3859.04,5.0,0.53,7.0,2
16.0,7127.56,17.0,0.5,14.0,0
16.0,4570.775,5.0,0.72,7.0,0
39.0,6084.8,3.0,0.5,6.0,0
36.0,4974.97,9.0,0.29,3.0,2
25.0,4570.775,10.0,0.89,1.0,1
62.0,8168.96,12.0,0.84,14.0,2
53.0,7356.18,9.0,0.28,7.0,2
16.0,4570.775,16.0,-0.0,8.0,2
39.0,7991.01,17.0,0.49,6.0,1
66.0,4743.94,19.0,0.64,5.0,1
22.0,4570.775,2.0,0.87,7.0,2
65.0,5542.1,18.0,0.42,7.0,0
20.0,7256.61,0.0,0.5,7.0,1
70.0,616.91,3.0,0.09,13.0,1
55.0,900.05,10.0,0.5,8.0,1
53.0,4321.13,17.0,0.5,4.0,1
46.0,1988.64,7.0,0.05,7.0,1
56.0,7086.49,11.0,0.5,9.0,0
22.0,6616.42,12.0,0.7,7.0,1
16.0,4038.57,9.0,0.5,9.0,0
67.0,6293.51,9.0,0.96,8.0,0
48.0,3550.0,18.0,0.5,11.0,0
18.0,5455.7,2.0,0.5,0.0,1
70.0,5794.82,0.0,1.0,7.0,1
16.0,7606.03,17.0,0.5,0.0,0
45.0,10850.49,12.0,0.5,1.0,2
59.0,1867.74,0.0,0.95,3.0,2
22.0,3966.03,13.0,0.64,2.0,2
22.0,4835.02,15.0,0.5,10.0,0
48.0,2692.66,15.0,0.5,14.0,2
58.0,3473.88,9.0,0.15,14.0,1
26.0,2603.3,16.0,0.0,8.0,0
16.0,3066.36,9.0,0.18,6.0,1
52.0,8086.53,0.0,0.5,13.0,0
53.0,6349.86,1.0,0.59,6.0,2
39.0,4570.775,0.0,0.5,5.0,1
72.0,9408.68,17.0,0.5,6.0,1
46.0,4570.775,6.0,0.5,9.0,2
31.0,7192.24,16.0,0.51,7.0,1
47.0,1652.42,18.0,0.31,14.0,1
26.0,6033.49,4.0,0.93,7.0,0
34.0,4442.76,15.0,0.15,13.0,2
21.0,2294.33,10.0,0.35,7.0,2
40.0,4570.775,2.0,0.63,12.0,2
16.0,4570.775,1.0,0.53,10.0,2
46.0,2419.72,3.0,0.58,10.0,2
17.0,4042.19,15.0,0.33,13.0,1
30.0,3469.91,5.0,0.28,7.0,0
28.0,6367.86,9.0,0.73,5.0,2
46.0,5669.9,16.0,0.5,5.0,1
46.0,389.86,10.0,0.03,7.0,1
23.0,6243.83,2.0,0.16,4.0,2
37.0,6062.43,2.0,0.98,14.0,2
35.0,2502.72,9.0,0.5,11.0,0
71.0,5201.08,17.0,0.5,7.0,0
49.0,5407.95,11.0,0.84,11.0,1
33.0,4570.775,0.0,0.5,4.0,1
24.0,7542.84,9.0,0.19,8.0,1
25.0,4570.775,5.0,0.1,7.0,2
66.0,8503.91,19.0,0.76,7.0,1
58.0,3051.99,17.0,0.5,3.0,1
34.0,5798.95,2.0,0.5,7.0,2
64.0,5018.31,13.0,0.73,7.0,1
45.0,5581.5,18.0,0.5,7.0,0
25.0,4432.63,14.0,0.5,0.0,2
50.0,3248.95,16.0,0.5,5.0,1
37.0,1043.28,12.0,0.03,7.0,1
53.0,2523.73,13.0,0.17,9.0,1
19.0,5589.62,2.0,0.83,0.0,1
59.0,2567.95,2.0,0.6,5.0,1
34.0,5654.58,4.0,0.45,7.0,2
46.0,2826.48,12.0,0.62,12.0,1
66.0,3049.23,4.0,0.83,2.0,2
37.0,4219.97,9.0,0.36,8.0,2
31.0,4005.01,9.0,0.47,13.0,2
65.0,4570.775,0.0,0.86,4.0,1
59.0,5103.23,15.0,0.33,7.0,1
28.0,4570.775,8.0,0.24,6.0,1
17.0,6940.46,19.0,0.72,7.0,0
70.0,9352.41,7.0,0.78,7.0,1
40.0,4570.775,2.0,0.5,10.0,2
71.0,6235.85,19.0,0.5,12.0,2
29.0,4053.89,19.0,0.8,14.0,0
39.0,3098.92,10.0,0.56,9.0,2
32.0,2063.94,9.0,0.5,13.0,2
69.0,4570.775,12.0,0.5,7.0,2
56.0,1734.77,16.0,0.5,7.0,1
16.0,5926.9,10.0,0.08,10.0,0
55.0,6879.37,13.0,0.5,7.0,2
20.0,3818.54,5.0,0.49,9.0,1
26.0,4454.44,1.0,0.5,11.0,2
29.0,5281.88,9.0,0.5,6.0,1
46.0,1128.58,0.0,0.55,12.0,1
23.0,4725.15,3.0,0.03,0.0,1
24.0,4570.775,6.0,0.52,6.0,1
26.0,3517.67,14.0,0.38,12.0,2
48.0,3774.3,13.0,0.35,8.0,2
34.0,903.66,15.0,1.0,7.0,2
29.0,5037.89,8.0,0.5,7.0,0
29.0,7637.06,9.0,0.5,2.0,1
26.0,1836.37,16.0,0.17,13.0,2
35.0,6497.77,16.0,0.5,8.0,1
50.0,43.99,5.0,0.05,11.0,1
41.0,7634.14,15.0,0.86,13.0,2
54.0,5713.05,6.0,0.5,8.0,1
53.0,9462.83,1.0,0.5,14.0,0
51.0,7828.77,5.0,0.51,6.0,1
30.0,6367.62,10.0,0.48,7.0,1
66.0,756.41,1.0,0.04,14.0,2
67.0,2741.97,3.0,0.5,9.0,2
68.0,6571.8,11.0,0.5,14.0,1
36.0,3930.95,10.0,0.75,2.0,2
69.0,4570.775,9.0,0.67,11.0,1
27.0,2655.92,17.0,0.5,3.0,1
52.0,7696.62,10.0,0.57,3.0,1
49.0,4570.775,19.0,0.13,7.0,1
66.0,4438.85,3.0,0.45,11.0,1
61.0,5595.08,10.0,0.41,13.0,1
21.0,5163.89,9.0,0.5,6.0,0
72.0,4560.19,14.0,0.97,12.0,2
59.0,4570.775,11.0,0.16,4.0,0
63.0,782.57,1.0,0.5,6.0,0
35.0,4351.82,11.0,0.9,0.0,0
38.0,9979.46,12.0,0.52,8.0,1
37.0,7434.64,17.0,0.5,7.0,1
58.0,4570.775,18.0,0.86,5.0,2
40.0,6486.99,19.0,0.5,12.0,1
57.0,3734.71,0.0,0.09,2.0,1
51.0,1460.83,8.0,0.5,5.0,1
50.0,4818.89,1.0,0.5,3.0,2
60.0,3588.26,9.0,0.44,3.0,2
70.0,4091.51,14.0,0.68,5.0,0
46.0,10358.18,10.0,0.04,10.0,2
18.0,4570.775,13.0,0.13,7.0,2
29.0,6886.93,17.0,0.66,9.0,2
46.0,4409.57,1.0,0.5,12.0,0
30.0,6229.14,3.0,0.5,8.0,0
67.0,6195.99,17.0,0.16,10.0,2
44.0,1735.47,12.0,0.85,7.0,1
33.0,5423.17,10.0,0.66,10.0,1
44.0,848.35,2.0,0.5,12.0,0
68.0,1479.15,7.0,0.5,14.0,2
32.0,4570.775,10.0,0.76,8.0,2
28.0,4570.775,14.0,0.8,2.0,2
20.0,3911.5,7.0,0.39,5.0,2
47.0,4570.775,6.0,0.5,2.0,0
46.0,3022.59,2.0,0.5,11.0,2
36.0,3198.5,17.0,0.5,11.0,1
46.0,4570.775,10.0,0.63,3.0,2
50.0,320.53,9.0,0.47,6.0,1
68.0,6298.81,19.0,0.72,7.0,1
55.0,5790.23,0.0,0.5,4.0,1
59.0,4570.775,13.0,0.5,7.0,0
57.0,6197.96,16.0,0.56,7.0,1
46.0,7691.04,15.0,0.67,7.0,2
62.0,6109.69,15.0,0.5,7.0,2
43.0,4554.02,11.0,0.68,0.0,0
24.0,4616.92,9.0,0.5,11.0,1
40.0,1692.77,8.0,0.59,2.0,1
40.0,2447.95,18.0,0.5,2.0,2
20.0,7395.63,6.0,0.75,13.0,2
50.0,3885.52,9.0,0.93,14.0,1
17.0,3948.48,16.0,0.95,7.0,0
47.0,1859.87,3.0,0.5,10.0,0
40.0,5309.06,16.0,0.6,1.0,0
34.0,3563.06,1.0,0.5,11.0,2
19.0,3673.08,9.0,0.5,5.0,1
71.0,4959.85,0.0,0.4,8.0,1
51.0,5293.48,9.0,0.02,0.0,2
54.0,1220.64,6.0,0.25,7.0,1
65.0,2216.41,2.0,0.6,2.0,1
36.0,3310.93,3.0,0.5,8.0,1
69.0,5332.19,9.0,0.5,11.0,1
68.0,5570.0,4.0,0.43,5.0,2
62.0,574.84,17.0,0.78,7.0,1
48.0,3834.35,9.0,0.5,2.0,1
19.0,4718.83,2.0,0.29,2.0,2
64.0,4774.43,9.0,0.66,4.0,1
63.0,759.86,9.0,0.5,6.0,1
71.0,3416.41,2.0,0.5,7.0,2
46.0,204.16,4.0,0.46,2.0,1
25.0,4560.62,7.0,0.5,7.0,1
48.0,1690.36,13.0,0.5,0.0,1
57.0,7189.46,19.0,0.5,0.0,1
18.0,4682.92,11.0,0.18,7.0,1
68.0,7123.84,6.0,0.01,6.0,1
36.0,2975.48,3.0,0.72,7.0,1
73.0,1655.25,14.0,0.75,9.0,2
24.0,6547.48,9.0,0.5,14.0,2
62.0,3376.4,4.0,0.5,7.0,1
46.0,5538.26,1.0,0.62,10.0,1
44.0,4570.775,6.0,0.5,4.0,0
65.0,6705.55,9.0,0.42,1.0,1
61.0,6544.53,17.0,0.4,7.0,2
34.0,7289.35,1.0,0.39,6.0,2
18.0,5654.16,15.0,0.52,0.0,1
21.0,3694.77,3.0,0.5,10.0,1
59.0,4686.57,7.0,0.5,10.0,1
58.0,6791.26,18.0,0.5,10.0,1
35.0,4559.79,15.0,0.88,14.0,1
62.0,7241.45,2.0,0.82,7.0,1
37.0,4570.775,18.0,0.92,12.0,2
49.0,6101.88,9.0,0.31,14.0,1
72.0,1177.16,14.0,0.39,10.0,1
46.0,3098.15,9.0,0.93,14.0,1
65.0,3206.61,10.0,0.21,13.0,1
74.0,3949.88,7.0,0.5,7.0,2
30.0,3965.69,2.0,0.5,6.0,2
71.0,2607.61,17.0,0.27,13.0,1
68.0,1874.18,1.0,0.32,7.0,0
46.0,2425.06,2.0,0.56,8.0,2
46.0,3824.23,5.0,0.88,7.0,1
46.0,4512.29,7.0,0.5,7.0,1
23.0,6619.47,0.0,0.3,6.0,1
67.0,3749.25,11.0,0.5,2.0,2
31.0,1900.72,1.0,0.55,4.0,0
46.0,6559.45,14.0,0.5,7.0,2
55.0,4570.775,3.0,0.64,2.0,1
42.0,8979.62,9.0,0.5,11.0,0
45.0,806.75,9.0,0.5,3.0,2
46.0,5988.39,1.0,0.07,1.0,2
21.0,5381.48,11.0,0.5,14.0,1
44.0,5519.15,0.0,0.5,14.0,2
56.0,4481.76,10.0,0.5,9.0,0
29.0,3331.93,13.0,0.71,12.0,1
17.0,5166.05,9.0,0.5,10.0,1
40.0,4570.775,11.0,0.5,8.0,2
46.0,4570.775,2.0,0.64,14.0,1
45.0,5751.93,8.0,0.08,3.0,1
26.0,7744.79,5.0,0.5,1.0,1
43.0,5581.72,17.0,0.41,7.0,1
46.0,4570.775,18.0,0.5,12.0,2
44.0,12404.79,9.0,0.07,7.0,2
42.0,4570.775,17.0,0.5,3.0,1
51.0,4272.09,3.0,0.24,11.0,2
40.0,4570.775,18.0,0.34,12.0,0
71.0,4069.38,1.0,0.5,5.0,1
64.0,2903.19,12.0,0.78,7.0,1
59.0,669.7,5.0,0.5,11.0,1
62.0,2832.7,2.0,0.99,12.0,1
46.0,7362.28,9.0,0.5,14.0,1
74.0,1119.02,16.0,0.68,7.0,2
36.0,4140.42,12.0,0.13,8.0,2
69.0,1708.27,6.0,0.19,3.0,1
56.0,3350.56,15.0,0.99,8.0,2
24.0,4991.36,12.0,0.97,2.0,0
58.0,3792.69,9.0,0.5,7.0,1
44.0,8405.93,8.0,0.5,7.0,2
46.0,6042.12,1.0,0.96,14.0,1
43.0,3799.05,16.0,0.5,7.0,0
68.0,8784.15,14.0,0.24,12.0,2
29.0,5663.88,6.0,0.5,13.0,2
58.0,2577.91,3.0,0.65,7.0,0
74.0,884.98,4.0,0.5,14.0,0
69.0,4777.03,16.0,0.14,3.0,1
16.0,5022.9,2.0,0.5,4.0,0
40.0,1530.08,12.0,0.5,10.0,1
53.0,1734.69,10.0,0.45,9.0,2
60.0,9688.13,0.0,0.51,7.0,2
61.0,71.41,1.0,0.46,1.0,1
23.0,2975.47,9.0,0.06,4.0,0
69.0,5325.4,19.0,0.9,11.0,2
74.0,4058.87,10.0,0.42,12.0,1
46.0,1634.15,2.0,0.5,14.0,2
46.0,4570.775,6.0,0.96,11.0,2
73.0,2107.85,3.0,0.03,3.0,2
63.0,5267.74,7.0,0.21,7.0,0
70.0,4552.85,10.0,0.16,7.0,1
34.0,386.48,5.0,0.93,8.0,1
29.0,6079.76,0.0,0.5,7.0,0
34.0,4772.52,9.0,0.65,13.0,2
46.0,5673.37,3.0,0.5,7.0,0
54.0,10448.57,8.0,0.91,11.0,1
46.0,4397.79,9.0,0.92,0.0,0
36.0,7387.74,9.0,0.5,0.0,1
30.0,6929.67,0.0,0.3,4.0,1
28.0,2567.89,9.0,0.2,3.0,2
45.0,7181.24,9.0,0.99,12.0,1
57.0,4570.775,19.0,0.73,2.0,1
69.0,1411.94,5.0,0.47,12.0,1
64.0,6234.8,6.0,0.99,9.0,2
22.0,3114.52,11.0,0.32,12.0,0
66.0,4570.775,9.0,0.5,14.0,2
46.0,80.32,19.0,0.5,7.0,0
46.0,5307.14,19.0,0.5,4.0,2
59.0,3599.44,5.0,0.5,8.0,1
50.0,3104.06,15.0,0.5,1.0,1
44.0,5498.59,9.0,0.81,3.0,0
64.0,661.23,11.0,0.13,3.0,1
53.0,4296.02,15.0,0.52,0.0,1
73.0,5998.6,5.0,0.5,11.0,1
55.0,7507.52,19.0,0.5,3.0,2
40.0,2985.49,8.0,0.26,7.0,1
33.0,4570.775,19.0,0.5,5.0,2
20.0,4371.74,9.0,0.5,1.0,1
46.0,3280.38,5.0,0.5,6.0,2
46.0,1962.66,5.0,0.81,10.0,1
48.0,8404.76,9.0,0.41,7.0,2
49.0,909.52,15.0,0.64,12.0,1
46.0,9003.94,10.0,0.84,2.0,1
46.0,3140.87,10.0,0.79,2.0,1
24.0,3328.53,9.0,0.5,3.0,1
46.0,3684.75,9.0,0.5,5.0,2
64.0,7519.36,9.0,0.95,14.0,1
20.0,3489.35,6.0,0.67,13.0,2
65.0,6858.07,2.0,0.12,8.0,1
61.0,4485.37,9.0,0.5,7.0,2
54.0,4331.41,15.0,0.2,13.0,1
72.0,3366.18,0.0,0.5,14.0,2
22.0,4162.93,0.0,0.79,3.0,0
74.0,5644.4,18.0,0.5,0.0,0
36.0,4353.56,14.0,0.5,9.0,1
18.0,5350.83,1.0,0.28,7.0,0
49.0,4570.775,14.0,0.5,1.0,1
69.0,5194.07,11.0,0.5,10.0,1
17.0,2813.64,2.0,0.07,7.0,2
46.0,5426.89,1.0,0.52,12.0,0
47.0,4695.82,0.0,0.06,10.0,2
32.0,1724.67,9.0,0.18,7.0,1
50.0,7732.79,18.0,0.5,9.0,2
65.0,3176.47,17.0,0.5,11.0,0
37.0,7107.6,5.0,0.1,7.0,2
71.0,2813.8,19.0,0.17,8.0,1
38.0,866.0,4.0,0.34,8.0,1
40.0,4397.65,16.0,0.5,4.0,1
18.0,5656.53,12.0,0.5,10.0,2
52.0,7625.66,0.0,0.25,11.0,2
59.0,7455.87,1.0,0.5,8.0,2
33.0,4442.68,1.0,0.61,9.0,2
37.0,4789.58,0.0,0.5,0.0,0
19.0,5630.04,2.0,0.83,7.0,1
72.0,5289.58,1.0,0.5,4.0,1
53.0,3582.28,13.0,0.92,7.0,1
52.0,7089.68,11.0,0.13,12.0,2
20.0,3509.46,4.0,0.5,13.0,2
37.0,2339.71,15.0,0.99,0.0,1
59.0,7755.66,17.0,0.5,7.0,1
71.0,4570.775,5.0,0.02,9.0,2
47.0,2608.0,17.0,0.1,6.0,0
62.0,7134.51,12.0,0.5,4.0,0
42.0,6746.09,2.0,0.34,4.0,1
73.0,2919.03,3.0,0.61,7.0,0
20.0,7414.47,2.0,0.5,10.0,0
61.0,4577.28,9.0,0.94,5.0,1
32.0,2330.5,8.0,0.38,2.0,1
42.0,277.34,2.0,0.45,10.0,2
66.0,3333.87,2.0,0.5,6.0,2
35.0,3553.17,3.0,0.28,9.0,2
38.0,4946.91,6.0,0.74,7.0,1
18.0,2832.19,6.0,0.59,0.0,2
32.0,6494.45,10.0,0.8,4.0,1
50.0,1339.02,18.0,0.6,10.0,1
40.0,1994.08,8.0,0.21,7.0,1
46.0,7705.8,14.0,0.64,1.0,1
41.0,5423.21,19.0,0.5,14.0,1
66.0,4981.06,19.0,0.18,6.0,1
48.0,1714.43,0.0,0.34,7.0,1
28.0,6752.95,16.0,0.59,10.0,1
66.0,8774.2,17.0,0.55,9.0,0
48.0,2578.15,12.0,0.39,0.0,0
25.0,9402.73,9.0,0.23,3.0,1
71.0,2199.22,3.0,0.5,6.0,1
19.0,10405.74,4.0,0.5,0.0,0
46.0,5934.25,12.0,0.5,13.0,0
59.0,3885.17,17.0,0.18,10.0,0
27.0,4970.82,1.0,0.5,0.0,1
27.0,2468.56,9.0,0.91,3.0,0
17.0,1994.59,4.0,0.56,1.0,0
32.0,5663.2,7.0,0.4,5.0,1
65.0,4959.74,12.0,0.5,6.0,2
19.0,3088.65,1.0,0.49,14.0,2
72.0,5874.71,5.0,0.31,8.0,2
28.0,3887.0,2.0,0.5,14.0,1
67.0,4609.09,5.0,0.95,12.0,2
20.0,2329.32,11.0,0.5,7.0,2
38.0,4570.775,7.0,0.64,7.0,0
72.0,1125.78,11.0,0.92,7.0,1
64.0,3590.69,9.0,0.5,13.0,0
33.0,5188.68,15.0,0.5,5.0,2
61.0,4570.775,3.0,0.68,2.0,1
56.0,5667.07,3.0,0.5,1.0,0
73.0,6278.8,17.0,0.7,2.0,0
22.0,4434.46,11.0,0.36,7.0,2
27.0,5541.35,17.0,0.19,2.0,0
56.0,4570.775,13.0,0.5,12.0,2
48.0,8967.88,19.0,0.5,12.0,0
17.0,4526.71,19.0,0.53,7.0,1
71.0,4271.02,8.0,0.58,1.0,1
71.0,2512.69,0.0,0.5,8.0,1
63.0,6119.67,9.0,0.51,8.0,2
48.0,5430.68,19.0,0.87,12.0,0
46.0,2751.28,4.0,0.68,9.0,1
30.0,4088.16,9.0,0.5,8.0,2
24.0,6369.42,7.0,0.78,13.0,2
40.0,3805.11,16.0,0.01,13.0,2
58.0,7777.44,1.0,0.11,14.0,1
46.0,4735.07,0.0,0.87,4.0,2
69.0,7029.55,1.0,0.86,12.0,1
61.0,5120.87,19.0,0.23,7.0,1
59.0,5797.24,9.0,0.29,6.0,2
62.0,5080.08,9.0,0.19,0.0,2
50.0,7314.59,6.0,0.57,13.0,1
42.0,7320.73,18.0,0.2,4.0,2
35.0,7943.26,6.0,0.83,8.0,2
26.0,4570.775,18.0,0.5,7.0,1
46.0,2031.06,9.0,0.5,3.0,0
27.0,3388.85,12.0,0.74,0.0,1
20.0,2231.39,17.0,0.18,8.0,1
64.0,4570.775,0.0,0.37,13.0,1
21.0,1973.46,5.0,0.5,9.0,0
24.0,349.13,12.0,0.77,9.0,1
66.0,8135.97,7.0,0.23,2.0,0
46.0,2113.18,9.0,0.64,6.0,2
61.0,7113.49,9.0,0.57,0.0,0
28.0,6343.36,9.0,0.13,7.0,0
18.0,216.18,3.0,0.81,4.0,2
62.0,8.12,14.0,0.67,1.0,1
58.0,1733.97,1.0,0.02,0.0,2
51.0,4570.775,14.0,0.04,13.0,0
29.0,4154.25,18.0,0.29,1.0,1
46.0,4262.79,18.0,0.5,8.0,2
39.0,5580.54,3.0,0.29,1.0,2
69.0,6681.11,12.0,0.5,4.0,0
46.0,3007.56,11.0,0.18,7.0,1
74.0,4625.92,9.0,0.25,0.0,1
27.0,7287.72,3.0,0.1,7.0,0
52.0,4288.8,10.0,0.5,0.0,0
17.0,2965.68,9.0,0.9,1.0,0
30.0,4168.42,18.0,0.5,6.0,0
50.0,4570.775,18.0,0.62,6.0,1
62.0,4057.47,12.0,0.46,11.0,2
70.0,8237.71,16.0,0.88,0.0,0
65.0,6384.58,9.0,0.5,7.0,2
58.0,6150.89,6.0,0.17,14.0,0
46.0,10859.56,13.0,0.77,3.0,1
28.0,5946.34,10.0,0.21,10.0,1
74.0,5484.97,2.0,0.54,4.0,1
48.0,3763.97,12.0,0.5,13.0,2
72.0,4570.775,8.0,0.5,2.0,1
42.0,7531.36,14.0,0.06,9.0,2
30.0,2166.32,6.0,0.85,7.0,0
31.0,3447.81,16.0,0.68,0.0,2
29.0,3673.8,15.0,0.5,9.0,0
36.0,5699.82,7.0,0.96,2.0,1
32.0,9365.67,2.0,0.41,12.0,0
18.0,4579.85,2.0,0.77,7.0,0
66.0,5640.1,8.0,0.97,12.0,0
27.0,2612.83,5.0,0.74,1.0,0
27.0,5035.38,8.0,0.23,9.0,2
38.0,2827.12,9.0,0.5,6.0,0
46.0,6438.65,4.0,0.5,12.0,1
37.0,9153.62,3.0,0.5,2.0,1
35.0,3371.64,12.0,0.49,4.0,2
38.0,4570.775,2.0,0.49,10.0,1
54.0,5723.09,19.0,0.5,0.0,1
55.0,532.41,3.0,0.88,2.0,0
26.0,1413.43,1.0,0.35,5.0,1
57.0,5446.96,9.0,0.5,8.0,2
64.0,5295.91,1.0,0.23,7.0,1
46.0,6539.01,8.0,0.11,7.0,2
53.0,7742.35,2.0,0.5,13.0,1
66.0,7247.33,16.0,0.11,9.0,0
51.0,4570.775,6.0,0.91,1.0,1
31.0,3824.27,9.0,0.5,6.0,1
48.0,7575.26,12.0,0.26,7.0,1
50.0,797.62,4.0,0.5,7.0,1
29.0,7164.19,4.0,0.72,7.0,0
38.0,5224.66,0.0,0.5,12.0,0
57.0,3651.54,9.0,0.86,3.0,1
56.0,7942.55,6.0,0.52,3.0,2
72.0,4570.775,9.0,0.64,3.0,2
74.0,3988.11,1.0,0.5,7.0,1
21.0,5970.95,1.0,0.47,7.0,1
61.0,3698.02,5.0,0.65,9.0,0
62.0,4570.775,0.0,0.1,8.0,1
74.0,4242.04,18.0,0.09,7.0,1
33.0,2096.71,16.0,0.27,13.0,0
64.0,7641.49,0.0,0.5,7.0,1
50.0,1957.96,17.0,0.35,14.0,2
72.0,4286.49,7.0,0.5,4.0,1
20.0,7136.67,10.0,0.5,2.0,2
62.0,2469.32,3.0,0.11,4.0,2
57.0,4570.775,14.0,0.5,12.0,1
45.0,7662.4,7.0,0.5,9.0,1
55.0,2722.43,18.0,0.13,4.0,1
68.0,3819.83,5.0,0.25,11.0,0
36.0,3657.14,14.0,0.55,4.0,2
60.0,4219.85,3.0,0.5,8.0,1
41.0,3222.96,8.0,0.54,8.0,2
23.0,6489.74,12.0,0.75,3.0,1
58.0,3953.08,0.0,0.97,14.0,2
37.0,3919.63,6.0,0.5,2.0,1
65.0,4570.775,16.0,0.64,8.0,2
61.0,5186.11,4.0,0.5,7.0,0
71.0,4570.775,8.0,0.5,9.0,1
38.0,5273.04,17.0,0.24,4.0,1
45.0,6462.44,1.0,0.5,11.0,1
46.0,6382.92,15.0,0.5,2.0,2
34.0,9882.98,12.0,0.5,1.0,2
27.0,4009.3,9.0,0.54,9.0,1
36.0,1418.5,10.0,-0.0,5.0,1
49.0,2606.91,1.0,0.5,12.0,1
27.0,5494.2,9.0,0.74,10.0,1
20.0,4570.775,13.0,0.5,14.0,0
49.0,3893.49,13.0,0.5,12.0,1
45.0,6592.0,7.0,0.5,10.0,0
61.0,9134.96,16.0,0.06,12.0,0
54.0,7086.83,2.0,0.64,7.0,1
65.0,7558.02,16.0,0.83,9.0,2
26.0,4314.22,9.0,0.05,7.0,1
46.0,9036.8,0.0,0.5,0.0,0
51.0,7872.76,10.0,0.83,5.0,1
58.0,3913.58,11.0,0.5,3.0,1
41.0,5949.65,9.0,0.6,11.0,2
66.0,4570.775,3.0,0.02,12.0,2
69.0,8845.37,4.0,0.33,6.0,1
41.0,6069.26,10.0,0.5,11.0,1
23.0,6412.44,0.0,0.6,14.0,1
28.0,1546.29,7.0,0.03,8.0,1
27.0,5397.78,10.0,0.5,11.0,2
53.0,2906.33,13.0,0.56,7.0,2
21.0,3852.84,10.0,0.79,7.0,0
67.0,904.86,1.0,0.16,9.0,2
37.0,1605.91,19.0,0.5,7.0,0
48.0,5605.72,9.0,0.5,8.0,2
57.0,3879.83,9.0,0.18,12.0,0
31.0,1731.33,9.0,0.5,9.0,1
63.0,7211.8,3.0,0.59,11.0,1
35.0,4281.48,2.0,0.5,8.0,1
67.0,4570.775,11.0,0.38,11.0,2
46.0,5985.43,17.0,0.36,12.0,2
27.0,6058.07,6.0,0.78,14.0,2
19.0,4570.775,10.0,0.73,2.0,0
17.0,4396.35,7.0,0.5,9.0,0
30.0,3478.32,6.0,0.5,5.0,2
22.0,6433.61,3.0,0.51,6.0,1
61.0,1485.48,13.0,0.23,6.0,2
66.0,4570.775,9.0,0.02,4.0,1
46.0,4259.76,14.0,0.5,0.0,1
69.0,6525.2,17.0,0.5,3.0,2
22.0,5923.97,11.0,0.72,12.0,2
71.0,3767.28,14.0,0.5,7.0,2
16.0,4570.775,9.0,0.75,0.0,1
38.0,1666.98,9.0,0.5,6.0,2
46.0,3522.24,1.0,0.75,6.0,1
68.0,5477.78,9.0,0.62,7.0,1
50.0,5776.4,17.0,0.18,13.0,0
31.0,3365.72,9.0,0.5,7.0,2
64.0,4259.83,5.0,0.5,2.0,0
29.0,5107.29,16.0,0.36,4.0,0
74.0,5791.12,1.0,0.61,2.0,1
20.0,4729.07,11.0,0.5,9.0,2
51.0,1474.65,2.0,0.69,11.0,2
27.0,7129.66,3.0,0.5,14.0,2
71.0,4570.775,5.0,0.22,7.0,1
40.0,2434.77,3.0,0.5,14.0,2
74.0,1279.9,17.0,0.62,7.0,0
38.0,4611.2,18.0,0.06,7.0,1
50.0,4135.75,13.0,0.73,5.0,0
46.0,3121.02,14.0,0.5,12.0,0
57.0,4367.15,9.0,0.5,10.0,1
18.0,2750.63,0.0,0.5,12.0,2
19.0,2633.75,9.0,0.87,7.0,1
26.0,4570.775,9.0,0.55,6.0,0
36.0,4123.11,13.0,0.5,3.0,1
27.0,8958.06,9.0,0.04,7.0,0
61.0,5487.17,13.0,0.25,7.0,1
56.0,8627.01,0.0,0.47,11.0,2
34.0,6339.68,8.0,0.65,12.0,1
46.0,3260.65,8.0,0.5,1.0,1
44.0,3879.06,12.0,0.5,7.0,2
41.0,4570.775,19.0,0.5,12.0,0
41.0,1932.75,4.0,0.8,6.0,1
52.0,782.13,11.0,0.5,3.0,2
50.0,2584.41,7.0,-0.0,1.0,2
55.0,5466.25,16.0,0.97,1.0,2
49.0,5296.97,13.0,0.05,7.0,1
59.0,10726.44,9.0,0.5,7.0,1
43.0,6965.8,9.0,0.5,8.0,0
63.0,5856.26,5.0,0.8,6.0,2
33.0,4570.775,3.0,0.39,2.0,1
45.0,1945.52,19.0,0.95,4.0,2
30.0,6484.45,11.0,0.28,2.0,1
40.0,1790.97,13.0,0.87,12.0,1
50.0,1891.78,3.0,0.86,7.0,2
72.0,5025.87,15.0,0.67,10.0,0
26.0,6143.98,2.0,0.5,7.0,1
61.0,650.45,7.0,0.5,1.0,2
25.0,7108.97,2.0,0.17,9.0,2
54.0,1062.23,5.0,0.09,3.0,0
18.0,6903.12,15.0,0.7,8.0,1
48.0,1771.47,7.0,0.03,1.0,0
59.0,9894.9,4.0,0.29,11.0,2
62.0,7609.19,12.0,0.18,7.0,1
17.0,4570.775,5.0,0.9,5.0,0
52.0,4153.58,1.0,0.95,5.0,2
35.0,3442.35,1.0,0.45,14.0,1
72.0,8623.23,17.0,0.21,13.0,2
63.0,101.68,10.0,0.5,2.0,0
65.0,1977.29,1.0,0.57,6.0,1
39.0,2373.87,1.0,0.19,14.0,2
49.0,2604.9,15.0,0.5,7.0,0
53.0,3831.73,9.0,0.74,2.0,1
42.0,1724.2,9.0,0.25,3.0,1
47.0,6202.43,9.0,0.32,3.0,1
20.0,4570.775,19.0,0.5,14.0,0
71.0,3816.63,12.0,0.5,14.0,1
51.0,828.35,6.0,0.7,13.0,2
46.0,2490.96,1.0,0.81,1.0,1
25.0,1699.64,9.0,0.5,7.0,1
36.0,6535.55,12.0,0.31,11.0,1
60.0,4090.18,5.0,0.45,6.0,2
70.0,1208.55,0.0,0.5,7.0,2
36.0,913.4,9.0,0.17,10.0,1
50.0,7253.62,9.0,0.09,7.0,2
17.0,4570.775,12.0,0.07,6.0,0
40.0,4998.54,9.0,0.5,6.0,1
37.0,5519.91,15.0,0.78,0.0,0
63.0,7143.37,4.0,0.52,12.0,1
20.0,7461.88,19.0,0.14,14.0,2
73.0,9119.89,19.0,0.5,7.0,0
16.0,1255.36,9.0,0.61,12.0,2
63.0,8476.59,12.0,0.25,11.0,2
57.0,3523.05,17.0,0.5,7.0,1
23.0,3701.73,16.0,0.04,1.0,0
72.0,3600.2,19.0,0.5,11.0,2
74.0,3250.81,9.0,0.5,0.0,1
73.0,4570.775,8.0,0.54,7.0,0
65.0,4710.7,7.0,0.38,11.0,1
48.0,3360.98,5.0,0.5,0.0,2
17.0,3353.52,7.0,0.46,2.0,1
54.0,5812.04,9.0,0.81,0.0,2
73.0,4341.47,18.0,0.98,7.0,1
60.0,453.44,15.0,0.5,7.0,1
29.0,6685.17,9.0,0.73,2.0,1
69.0,8491.31,16.0,0.34,14.0,1
59.0,5565.99,14.0,0.5,7.0,1
45.0,4570.15,3.0,0.28,8.0,1
50.0,8857.65,9.0,0.02,4.0,1
29.0,3205.13,0.0,0.47,4.0,2
45.0,5037.12,6.0,0.86,2.0,0
51.0,4570.775,7.0,0.67,11.0,2
24.0,3330.55,4.0,0.36,4.0,0
50.0,6914.97,7.0,0.5,1.0,2
22.0,8332.0,13.0,0.3,12.0,2
18.0,4080.72,0.0,0.34,9.0,2
32.0,6013.33,17.0,0.42,0.0,1
68.0,6640.7,1.0,0.56,7.0,1
46.0,3219.09,9.0,0.5,9.0,2
63.0,4570.775,3.0,0.5,4.0,2
48.0,5707.86,12.0,0.74,7.0,2
33.0,2922.35,7.0,0.4,7.0,1
41.0,4044.17,4.0,0.5,4.0,1
16.0,8294.41,10.0,0.36,14.0,1
43.0,4570.775,7.0,0.17,4.0,0
66.0,6216.18,18.0,0.5,7.0,0
23.0,7497.23,8.0,0.33,4.0,0
28.0,8642.24,11.0,0.43,7.0,2
22.0,6251.05,8.0,0.99,14.0,0
37.0,2732.55,3.0,0.15,13.0,1
18.0,2406.62,12.0,0.5,8.0,1
42.0,9865.51,10.0,0.5,11.0,2
34.0,4784.65,18.0,0.5,12.0,1
52.0,4786.05,13.0,0.24,0.0,0
39.0,2377.32,13.0,0.5,3.0,2
36.0,7524.35,6.0,0.22,10.0,2
29.0,6184.17,9.0,0.82,7.0,0
29.0,4806.25,9.0,0.13,7.0,2
46.0,7798.64,18.0,0.5,5.0,2
62.0,2078.44,3.0,0.5,6.0,0
50.0,4588.08,18.0,0.08,6.0,1
57.0,4986.96,5.0,0.08,10.0,1
43.0,4701.96,5.0,0.5,9.0,2
33.0,3753.21,3.0,0.67,9.0,2
69.0,4570.775,15.0,0.86,14.0,1
32.0,7467.3,16.0,0.35,2.0,2
59.0,7479.85,17.0,0.96,1.0,1
46.0,7462.27,17.0,0.5,7.0,1
23.0,2805.38,9.0,0.36,13.0,1
71.0,6971.7,16.0,0.5,0.0,1
38.0,7116.75,0.0,0.5,7.0,2
67.0,7273.34,13.0,0.5,3.0,2
45.0,4570.775,12.0,0.5,3.0,2
18.0,3408.32,13.0,0.98,7.0,1
44.0,2517.45,16.0,0.38,3.0,2
45.0,4570.775,18.0,0.83,11.0,1
65.0,2013.09,14.0,0.66,9.0,2
68.0,4630.35,10.0,0.21,8.0,0
62.0,5410.9,10.0,0.48,7.0,1
46.0,5366.32,0.0,0.58,1.0,2
22.0,3718.47,9.0,0.5,7.0,2
39.0,4570.775,3.0,0.5,5.0,1
57.0,3985.45,5.0,0.59,14.0,2
71.0,6951.2,17.0,0.5,5.0,2
55.0,3342.34,11.0,0.93,8.0,0
56.0,1296.33,4.0,0.04,5.0,1
23.0,6025.71,16.0,0.2,7.0,2
48.0,6408.79,12.0,0.5,12.0,1
70.0,10484.31,2.0,0.5,2.0,1
36.0,5020.35,5.0,0.63,2.0,0
51.0,1010.83,14.0,0.26,0.0,2
45.0,5161.8,9.0,0.5,6.0,1
55.0,2630.25,8.0,0.5,5.0,2
46.0,4546.87,5.0,0.5,1.0,0
56.0,4051.88,10.0,0.65,4.0,1
38.0,6290.87,1.0,0.5,11.0,2
66.0,6953.23,15.0,0.37,8.0,2
65.0,3799.2,10.0,0.67,4.0,2
16.0,6843.09,13.0,0.5,2.0,2
67.0,6148.41,10.0,0.38,11.0,2
70.0,3755.22,14.0,0.32,5.0,0
57.0,6414.22,1.0,0.5,6.0,0
16.0,4570.775,9.0,0.56,10.0,2
53.0,2809.41,12.0,0.5,14.0,1
34.0,6245.17,5.0,0.5,13.0,0
41.0,4570.775,5.0,0.5,2.0,2
71.0,7239.78,16.0,0.16,13.0,2
46.0,4226.65,11.0,0.76,9.0,2
58.0,10287.82,7.0,0.5,14.0,0
67.0,4570.775,12.0,0.5,14.0,1
32.0,2599.88,16.0,0.65,2.0,2
46.0,5072.48,2.0,0.6,7.0,0
16.0,4570.775,1.0,0.71,10.0,1
19.0,5986.88,14.0,0.73,10.0,0
52.0,2310.44,15.0,0.62,11.0,2
28.0,5905.18,1.0,0.26,10.0,2
43.0,6911.15,6.0,0.17,7.0,0
62.0,3992.87,17.0,0.44,9.0,1
46.0,7784.7,8.0,0.5,7.0,2
54.0,4972.7,5.0,0.37,7.0,0
46.0,1461.15,11.0,0.5,9.0,1
64.0,4656.72,10.0,0.5,1.0,0
66.0,7961.14,4.0,0.28,7.0,1
23.0,4840.79,4.0,0.16,7.0,1
29.0,2688.29,9.0,0.36,10.0,2
32.0,6598.06,13.0,0.08,11.0,2
44.0,9904.43,6.0,0.84,1.0,1
37.0,4688.7,14.0,0.75,3.0,1
29.0,4319.15,0.0,0.58,1.0,1
64.0,5496.12,5.0,0.47,8.0,2
55.0,4730.14,3.0,0.21,0.0,1
46.0,4570.775,9.0,0.74,7.0,0
30.0,6143.74,18.0,0.29,7.0,1
58.0,2736.63,11.0,0.89,14.0,0
17.0,1926.56,3.0,0.9,2.0,1
45.0,5267.51,9.0,0.9,11.0,2
29.0,4831.32,8.0,0.5,0.0,0
70.0,6941.74,6.0,0.5,7.0,0
58.0,7893.08,12.0,0.81,3.0,1
46.0,4570.775,18.0,0.5,7.0,1
34.0,5366.62,14.0,0.5,14.0,1
49.0,2803.7,7.0,1.0,8.0,2
32.0,2340.06,19.0,0.5,0.0,0
26.0,4570.775,9.0,0.5,10.0,0
52.0,2605.41,2.0,0.41,7.0,1
46.0,4678.31,18.0,0.51,8.0,2
50.0,4732.72,17.0,0.5,9.0,2
17.0,1045.29,9.0,0.31,10.0,1
46.0,3247.23,9.0,0.73,3.0,1
53.0,4635.92,12.0,0.5,10.0,2
22.0,5514.98,9.0,0.53,7.0,2
46.0,5047.78,9.0,0.5,2.0,2
71.0,4570.775,5.0,0.58,7.0,2
46.0,5079.59,17.0,0.5,2.0,2
19.0,10222.41,0.0,0.5,5.0,0
44.0,2380.84,13.0,0.28,4.0,1
62.0,4851.9,4.0,0.5,6.0,2
55.0,4839.05,12.0,0.21,5.0,1
38.0,5457.16,9.0,0.5,11.0,1
18.0,6655.89,0.0,0.5,8.0,0
30.0,3210.32,15.0,0.67,7.0,2
26.0,4570.775,7.0,0.5,11.0,2
58.0,3092.25,10.0,0.5,4.0,0
38.0,2825.82,3.0,0.83,7.0,1
48.0,4570.775,1.0,0.52,11.0,2
43.0,4068.45,12.0,0.74,9.0,2
51.0,7323.21,18.0,0.63,1.0,0
42.0,3365.18,15.0,0.84,12.0,1
46.0,8810.36,7.0,0.87,6.0,1
28.0,4125.69,3.0,0.5,12.0,0
46.0,5619.73,12.0,0.89,8.0,1
51.0,7113.93,1.0,0.5,10.0,1
40.0,6375.09,17.0,0.5,0.0,1
37.0,9785.47,9.0,0.5,8.0,2
31.0,4665.25,16.0,0.25,4.0,2
51.0,3520.04,14.0,0.6,2.0,1
65.0,2216.41,2.0,0.6,2.0,1
51.0,1010.83,14.0,0.26,0.0,2
21.0,5970.95,1.0,0.47,7.0,1
40.0,4570.775,13.0,0.05,2.0,0
35.0,4281.48,2.0,0.5,8.0,1
46.0,3935.31,9.0,0.16,1.0,2
47.0,6138.78,16.0,0.5,7.0,1
53.0,2182.05,3.0,0.5,0.0,2
33.0,2096.71,16.0,0.27,13.0,0
46.0,1224.83,13.0,0.36,7.0,2
58.0,2577.91,3.0,0.65,7.0,0
46.0,5669.9,16.0,0.5,5.0,1
41.0,4570.775,12.0,0.11,14.0,1
38.0,9979.46,12.0,0.52,8.0,1
62.0,574.84,17.0,0.78,7.0,1
70.0,6941.74,6.0,0.5,7.0,0
70.0,5808.02,4.0,0.92,8.0,0
17.0,1926.56,3.0,0.9,2.0,1
23.0,7497.23,8.0,0.33,4.0,0
64.0,3590.69,9.0,0.5,13.0,0
72.0,3600.2,19.0,0.5,11.0,2
41.0,2752.72,18.0,0.5,8.0,2
29.0,10233.68,6.0,0.5,11.0,2
46.0,4409.57,1.0,0.5,12.0,0
69.0,8491.31,16.0,0.34,14.0,1
55.0,5790.23,0.0,0.5,4.0,1
45.0,6462.44,1.0,0.5,11.0,1
60.0,4686.06,18.0,0.95,7.0,2
66.0,9512.58,16.0,0.61,6.0,0
18.0,4570.775,14.0,0.58,8.0,2
17.0,4570.775,5.0,0.9,5.0,0
58.0,8235.18,13.0,0.5,4.0,0
46.0,3022.59,2.0,0.5,11.0,2
66.0,4570.775,9.0,0.02,4.0,1
38.0,3900.32,3.0,0.83,5.0,2
70.0,5324.18,3.0,0.5,10.0,2
44.0,12404.79,9.0,0.07,7.0,2
50.0,4570.775,18.0,0.62,6.0,1
21.0,5089.01,8.0,0.14,7.0,1
46.0,4570.775,6.0,0.96,11.0,2
45.0,7181.24,9.0,0.99,12.0,1
49.0,4570.775,19.0,0.13,7.0,1
39.0,1076.1,9.0,0.5,5.0,0
59.0,2618.27,0.0,0.5,11.0,0
16.0,7127.56,17.0,0.5,14.0,0
35.0,4570.775,18.0,0.3,0.0,1
45.0,4570.775,19.0,0.65,7.0,1
50.0,4945.01,13.0,0.5,0.0,2
46.0,5538.26,1.0,0.62,10.0,1
54.0,6473.46,6.0,0.5,14.0,2
47.0,1652.42,18.0,0.31,14.0,1
46.0,4424.32,1.0,0.5,3.0,1
60.0,5578.22,12.0,0.28,0.0,2
47.0,3597.65,4.0,0.53,7.0,0
19.0,5986.88,14.0,0.73,10.0,0
34.0,3563.06,1.0,0.5,11.0,2
71.0,6951.2,17.0,0.5,5.0,2
40.0,3003.22,11.0,0.5,3.0,1
73.0,2054.54,9.0,0.26,0.0,2
36.0,4974.97,9.0,0.29,3.0,2
29.0,6184.17,9.0,0.82,7.0,0
33.0,3407.36,5.0,0.57,7.0,1
68.0,3909.79,14.0,0.5,4.0,0
62.0,3376.4,4.0,0.5,7.0,1
46.0,3121.02,14.0,0.5,12.0,0
71.0,5201.08,17.0,0.5,7.0,0
62.0,4006.21,5.0,0.1,14.0,0
18.0,5350.83,1.0,0.28,7.0,0
74.0,11279.03,9.0,0.5,11.0,0
32.0,4693.15,6.0,0.74,5.0,2
64.0,7873.74,8.0,0.5,8.0,0
26.0,7370.39,7.0,0.5,1.0,2
35.0,5452.48,7.0,0.5,3.0,0
66.0,922.41,8.0,0.5,11.0,0
25.0,6028.99,9.0,0.1,7.0,2
50.0,3104.06,15.0,0.5,1.0,1
48.0,7575.26,12.0,0.26,7.0,1
23.0,3701.73,16.0,0.04,1.0,0
40.0,2091.3,9.0,0.45,11.0,1
56.0,11458.98,2.0,0.32,13.0,1
40.0,2624.45,17.0,0.5,14.0,1
46.0,2524.11,5.0,0.77,11.0,2
44.0,4667.5,12.0,0.67,5.0,2
46.0,4570.775,18.0,0.36,12.0,1
36.0,3198.5,17.0,0.5,11.0,1
46.0,6438.65,4.0,0.5,12.0,1
61.0,5595.08,10.0,0.41,13.0,1
67.0,7435.09,13.0,0.43,7.0,0
68.0,1874.18,1.0,0.32,7.0,0
22.0,2494.41,14.0,0.95,13.0,0
63.0,5195.05,17.0,0.23,11.0,2
41.0,4570.775,6.0,0.07,13.0,1
61.0,650.45,7.0,0.5,1.0,2
27.0,6058.07,6.0,0.78,14.0,2
